"id","likesCount","ownerProfilePicUrl","ownerUsername","postUrl","text","timestamp"
"18002399401962431","7","https://instagram.fsgn5-15.fna.fbcdn.net/v/t51.2885-19/355312536_617557683671363_7878324020897323227_n.jpg?stp=dst-jpg_s150x150&_nc_ht=instagram.fsgn5-15.fna.fbcdn.net&_nc_cat=111&_nc_ohc=iP5FmQQdBJoAX8mO1ki&edm=AP_V10EBAAAA&ccb=7-5&oh=00_AfD0guhuoZ8nzBdlz2jHKpfKzbkBnDNnkx_1JY36XN0EAg&oe=656755FE&_nc_sid=2999b8","yaya.h200","https://www.instagram.com/p/Cv9mFQGNOXU/","ada yang punya saran gak cara nurunin BB  yang ampuh dan permanen buat saya,ya walaupun saya gak muda lagi tapi saya was was sekali dengan adanya obesitas atau takutnya BB saya tidak sehat😢","2023-08-16T10:00:15.000Z"
"17984246588340658","3","https://instagram.fsgn5-3.fna.fbcdn.net/v/t51.2885-19/355852046_838304200964080_8308823653302557486_n.jpg?stp=dst-jpg_s150x150&_nc_ht=instagram.fsgn5-3.fna.fbcdn.net&_nc_cat=104&_nc_ohc=Db7jUaMXqdsAX9terLK&edm=AP_V10EBAAAA&ccb=7-5&oh=00_AfBvRkgImLX8NVCRTlUMosRHxVHOdsc5R4CCI1T3XsK3jA&oe=65663490&_nc_sid=2999b8","eteaja5","https://www.instagram.com/p/Cv9mFQGNOXU/","@yaya.h200 aku ada saran nih bund coba ikut progran kelas diet dari @azkiawastul_diet aja alhamdulillah saya juga cocok mengikuti programnya dan dijamin amanah juga serta sehat ke badan kita😍enjoy juga gak bikin kita gabut","2023-08-16T10:24:46.000Z"
"18001944577987814","2","https://instagram.fsgn5-9.fna.fbcdn.net/v/t51.2885-19/355277186_792065815627178_251852790549600777_n.jpg?stp=dst-jpg_s150x150&_nc_ht=instagram.fsgn5-9.fna.fbcdn.net&_nc_cat=102&_nc_ohc=gSZoi22BcT8AX-eVkfL&edm=AP_V10EBAAAA&ccb=7-5&oh=00_AfDZt1WN-K2RyakEuL9GM4IEn_UEdRLK32UAGPQoBSw4eA&oe=65667323&_nc_sid=2999b8","ibusariii20","https://www.instagram.com/p/Cv9mFQGNOXU/","@eteaja5 iyaaa saya juga ikut programnya dan alhamdulillah cocok sekali di sayaa,,dulu bb saya 75kg dan 🤗😇 setelah saya ikut programnya @azkiawastul_diet bb saya turun menjadi 52kg 😍saya sangat senang karna saya dulu yg asalnya males untuk diet sekarang jadi semangat untuk diet🙌🤗","2023-08-16T10:53:45.000Z"
"17996914625113325","0","https://instagram.fsgn5-3.fna.fbcdn.net/v/t51.2885-19/366995422_3365849777061016_8378380920991120514_n.jpg?stp=dst-jpg_s150x150&_nc_ht=instagram.fsgn5-3.fna.fbcdn.net&_nc_cat=104&_nc_ohc=WkvTbLXUaNAAX8HTbcE&edm=AP_V10EBAAAA&ccb=7-5&oh=00_AfDZSrRoADAh3ZsdZyFnlhH4QpbydBtFwyUy6eTy4yn_TQ&oe=6565FB9B&_nc_sid=2999b8","bambar11936","https://www.instagram.com/p/Cv9mFQGNOXU/","Enaknya selalu pakai bismilah nih bang tanboy","2023-08-16T13:02:39.000Z"
"17904871604817821","0","https://instagram.fsgn5-2.fna.fbcdn.net/v/t51.2885-19/403740362_1073296830331277_4487729329718847597_n.jpg?stp=dst-jpg_s150x150&_nc_ht=instagram.fsgn5-2.fna.fbcdn.net&_nc_cat=105&_nc_ohc=RvFtGoGKbVEAX_snPyI&edm=AP_V10EBAAAA&ccb=7-5&oh=00_AfAR7RppLLADeeScfoyVfzJs24QGCEaRnYaCO5PyPX0lMA&oe=65679723&_nc_sid=2999b8","reiwagen","https://www.instagram.com/p/Cv9mFQGNOXU/","@denjieeee_ Coet itu berasal dari bahasa Sunda kalo gak salah yang artinya cobek","2023-08-17T04:40:04.000Z"
"17977385063252238","0","https://instagram.fsgn5-12.fna.fbcdn.net/v/t51.2885-19/277899662_392080042761759_3397882223625702261_n.jpg?stp=dst-jpg_s150x150&_nc_ht=instagram.fsgn5-12.fna.fbcdn.net&_nc_cat=103&_nc_ohc=E-FF34KnTN8AX9ktdOK&edm=AP_V10EBAAAA&ccb=7-5&oh=00_AfAi6ekALLSlN2Vn_oEAWw9KMFQBTtbQpwARG_i7zGfGsg&oe=65665B36&_nc_sid=2999b8","skinnyaka_","https://www.instagram.com/p/Cv9mFQGNOXU/","@lailanadaa_ pengen buat menu ini😁","2023-08-17T09:15:36.000Z"
"17850178530027423","0","https://instagram.fsgn5-15.fna.fbcdn.net/v/t51.2885-19/346860799_2219360835010340_2167651305825386421_n.jpg?stp=dst-jpg_s150x150&_nc_ht=instagram.fsgn5-15.fna.fbcdn.net&_nc_cat=108&_nc_ohc=wVpmKvZPM-4AX_UIbsg&edm=AP_V10EBAAAA&ccb=7-5&oh=00_AfCgk7o5FbvTSXA0Jc1jvMhM6HMMvuN22ZGNW7vUWLk7Zw&oe=65674F93&_nc_sid=2999b8","lailanadaa_","https://www.instagram.com/p/Cv9mFQGNOXU/","@skinnyaka_ mie nyo mahal dk sih😭","2023-08-17T09:18:27.000Z"
"17989269656064359","0","https://instagram.fixc1-3.fna.fbcdn.net/v/t51.2885-19/44884218_345707102882519_2446069589734326272_n.jpg?_nc_ht=instagram.fixc1-3.fna.fbcdn.net&_nc_cat=1&_nc_ohc=aXevNjH73PQAX-PT4gM&edm=AD93TDoBAAAA&ccb=7-5&ig_cache_key=YW5vbnltb3VzX3Byb2ZpbGVfcGlj.2-ccb7-5&oh=00_AfC9ppef9l1pcHlvesFazB4z4Ld-WdBrPnwfoWf-NOe0WA&oe=6567474F&_nc_sid=87e5dd","ar_anak_hebat","https://www.instagram.com/p/Cv9mFQGNOXU/","Kurang tu minyaknya harusnya minyaknya 2 liter aja","2023-08-17T12:15:09.000Z"
"17989867931237238","0","https://instagram.fsgn5-14.fna.fbcdn.net/v/t51.2885-19/374586322_1526145764872362_7490673971921747957_n.jpg?stp=dst-jpg_s150x150&_nc_ht=instagram.fsgn5-14.fna.fbcdn.net&_nc_cat=106&_nc_ohc=DrpcwS2Ikn8AX-S9OHx&edm=AP_V10EBAAAA&ccb=7-5&oh=00_AfDwqO3J_RyXu68uRv27ThIg1C7enWsOERlskHTGXrB6hQ&oe=65669206&_nc_sid=2999b8","wtf__fumie","https://www.instagram.com/p/Cv9mFQGNOXU/","Ngiler njir pen coba tpi apalah daya gw yg dikit² asam lambung💀🙏🏻","2023-08-17T15:46:51.000Z"
"18095869768354273","0","https://instagram.fsgn5-15.fna.fbcdn.net/v/t51.2885-19/269079390_292655389461419_2794607699203404952_n.jpg?stp=dst-jpg_s150x150&_nc_ht=instagram.fsgn5-15.fna.fbcdn.net&_nc_cat=111&_nc_ohc=PnSQ54dh9E0AX8CtJ3K&edm=AP_V10EBAAAA&ccb=7-5&oh=00_AfCTu0xRwVNuVJ4Vct5aly4k4BbpZA0Z6VeLAL82tbflhQ&oe=65678B27&_nc_sid=2999b8","reka.deffy","https://www.instagram.com/p/Cv9mFQGNOXU/","Ngilerr guehh😋","2023-08-18T01:19:30.000Z"
"17972350601533865","0","https://instagram.fsgn5-14.fna.fbcdn.net/v/t51.2885-19/345475115_1768309256950218_5194493189429413275_n.jpg?stp=dst-jpg_s150x150&_nc_ht=instagram.fsgn5-14.fna.fbcdn.net&_nc_cat=106&_nc_ohc=JrZMBHnQUJAAX8jE9UY&edm=AP_V10EBAAAA&ccb=7-5&oh=00_AfDj4AzTsgP03ZtHC3a2Y9qRQmLWyApfdasT78SwvqDTsw&oe=65665010&_nc_sid=2999b8","faizdiandras","https://www.instagram.com/p/Cv9mFQGNOXU/","sepiring aja 😋","2023-08-18T08:34:49.000Z"
"17865772109977441","43","https://instagram.fsgn5-10.fna.fbcdn.net/v/t51.2885-19/358793417_1430803514437615_989725165047839560_n.jpg?stp=dst-jpg_s150x150&_nc_ht=instagram.fsgn5-10.fna.fbcdn.net&_nc_cat=107&_nc_ohc=zzug4LrrOyIAX_S0XG9&edm=AP_V10EBAAAA&ccb=7-5&oh=00_AfDPqEnAZZ11BInGwtYadO8IIbMKeoNHiJn5_9B05Drflg&oe=6565F6B6&_nc_sid=2999b8","nova_nasutionn","https://www.instagram.com/p/Cv9mFQGNOXU/","Lapisan lambungnya terbuat dari aluminium kali 😂","2023-08-19T13:21:52.000Z"
"18025267066614068","5","https://instagram.fsgn5-2.fna.fbcdn.net/v/t51.2885-19/213224433_1420528621661153_5030757918784919962_n.jpg?stp=dst-jpg_s150x150&_nc_ht=instagram.fsgn5-2.fna.fbcdn.net&_nc_cat=105&_nc_ohc=bUUU5OEMxPYAX8uype6&edm=AP_V10EBAAAA&ccb=7-5&oh=00_AfD6I8UKG4bLwLyBPEFKuvBV1yG5Ek2-nC0fSjQrZHd0cg&oe=65666266&_nc_sid=2999b8","taufik_akbar_pratama","https://www.instagram.com/p/Cv9mFQGNOXU/","@salman_alfarizshb mie Korea kebanyakan dominan pedes asem, gak ada gurih-gurihnya. Indomie gak ada lawan","2023-08-19T15:50:42.000Z"
"18383991964012343","0","https://instagram.fsgn5-10.fna.fbcdn.net/v/t51.2885-19/403817341_327468979911835_8640558727126623262_n.jpg?stp=dst-jpg_s150x150&_nc_ht=instagram.fsgn5-10.fna.fbcdn.net&_nc_cat=107&_nc_ohc=p4QiOGd-UlgAX-1YRh_&edm=AP_V10EBAAAA&ccb=7-5&oh=00_AfDutcKSPgV9v4oFlsOSug2GZY10u79hJtoGL0VB7f6ZgQ&oe=6566015D&_nc_sid=2999b8","iniisallsabilla","https://www.instagram.com/p/Cv9mFQGNOXU/","Makan ke gt trs ga pernah sakit lambung bang 😢 aku aja makan gitu an keluar masuk rs mulu 😢","2023-08-21T02:04:34.000Z"
"17964439148620941","0","https://instagram.fsgn5-8.fna.fbcdn.net/v/t51.2885-19/368888127_1368164463909513_4525955591768163909_n.jpg?stp=dst-jpg_s150x150&_nc_ht=instagram.fsgn5-8.fna.fbcdn.net&_nc_cat=109&_nc_ohc=fXo2bKlr_S4AX9Wbj3P&edm=AP_V10EBAAAA&ccb=7-5&oh=00_AfBDO4YiUL1x9zqODJZ0TtSJumrBwp3fHHT8pR8EpljBMg&oe=65677242&_nc_sid=2999b8","bakmiayamjamurpemuda","https://www.instagram.com/p/Cv9mFQGNOXU/","Eh, liat ini deh. Bakmi Ayam Jamur Pemuda, Senen di GoFood.
https://gofood.link/a/AehwLEQ","2023-08-23T05:50:51.000Z"
"18034761127551942","0","https://instagram.fsgn5-5.fna.fbcdn.net/v/t51.2885-19/403385109_188128161018876_5461882480201272133_n.jpg?stp=dst-jpg_s150x150&_nc_ht=instagram.fsgn5-5.fna.fbcdn.net&_nc_cat=100&_nc_ohc=C5r3HcA1gFYAX_TNLcx&edm=AP_V10EBAAAA&ccb=7-5&oh=00_AfBue00i7MQeZwYrIUVS0gL64ZaA4LNgcOHovxyw5ATRAw&oe=65666CDB&_nc_sid=2999b8","putt.urbae","https://www.instagram.com/p/Cv9mFQGNOXU/","@btr_moreno kun mukbang","2023-08-24T08:05:31.000Z"
"18026356945556855","0","https://instagram.fsgn5-8.fna.fbcdn.net/v/t51.2885-19/296248820_546175877191701_4570642414412905074_n.jpg?stp=dst-jpg_s150x150&_nc_ht=instagram.fsgn5-8.fna.fbcdn.net&_nc_cat=109&_nc_ohc=wEV58cnAmo8AX8I3-1M&edm=AP_V10EBAAAA&ccb=7-5&oh=00_AfCyOG6cm7yTC0CWDV3fvSt6fJATGASV17p2eRMlqOVVvA&oe=6567AF2C&_nc_sid=2999b8","pangsit614","https://www.instagram.com/p/Cv9mFQGNOXU/","Cobain pangsit614 bang ,,,","2023-08-24T23:15:32.000Z"
"18381458146060023","0","https://instagram.fixc1-3.fna.fbcdn.net/v/t51.2885-19/44884218_345707102882519_2446069589734326272_n.jpg?_nc_ht=instagram.fixc1-3.fna.fbcdn.net&_nc_cat=1&_nc_ohc=aXevNjH73PQAX-PT4gM&edm=AD93TDoBAAAA&ccb=7-5&ig_cache_key=YW5vbnltb3VzX3Byb2ZpbGVfcGlj.2-ccb7-5&oh=00_AfC9ppef9l1pcHlvesFazB4z4Ld-WdBrPnwfoWf-NOe0WA&oe=6567474F&_nc_sid=87e5dd","unioniquee","https://www.instagram.com/p/Cv9mFQGNOXU/","Ini mah cemilan","2023-08-27T14:39:48.000Z"
"18031136005525960","0","https://instagram.fsgn5-14.fna.fbcdn.net/v/t51.2885-19/302084986_629342475204066_6879724505828911052_n.jpg?stp=dst-jpg_s150x150&_nc_ht=instagram.fsgn5-14.fna.fbcdn.net&_nc_cat=106&_nc_ohc=xyM6oYT_ZrMAX9hNziP&edm=AP_V10EBAAAA&ccb=7-5&oh=00_AfD88F2eWb1h_wjHriEvJmSaX4wWenW2LEQ_3zF7zwc_pw&oe=6567AB60&_nc_sid=2999b8","pujiayu8894","https://www.instagram.com/p/Cv9mFQGNOXU/","Sehat sehat mas ... Aku lihat ig mu makan mie trs.. aku yg udh tiroid ga boleh makan mie lagi menyedih lihat ini 😢","2023-08-30T13:07:04.000Z"
"17869214267974050","0","https://instagram.fsgn5-5.fna.fbcdn.net/v/t51.2885-19/363497987_230886966576096_4095274152120355273_n.jpg?stp=dst-jpg_s150x150&_nc_ht=instagram.fsgn5-5.fna.fbcdn.net&_nc_cat=100&_nc_ohc=pvF6fr_wtFsAX-zZ3Yg&edm=AP_V10EBAAAA&ccb=7-5&oh=00_AfAj9zwYStKvFaVijthXHrN8CiY9W3OeQ1yQE74v8w59-A&oe=6566DCDD&_nc_sid=2999b8","chikuro.surabaya","https://www.instagram.com/p/Cv9mFQGNOXU/","🔥🔥","2023-09-01T09:08:00.000Z"
"17865405941990179","0","https://instagram.fsgn5-15.fna.fbcdn.net/v/t51.2885-19/403903450_1021059649225748_6129384335364958424_n.jpg?stp=dst-jpg_s150x150&_nc_ht=instagram.fsgn5-15.fna.fbcdn.net&_nc_cat=108&_nc_ohc=WMCJJ1isiZcAX_5yyVw&edm=AP_V10EBAAAA&ccb=7-5&oh=00_AfA8sug3Doh44ewMWzf_Z6Loy9f7BK7xei8zjQjLJZ00tQ&oe=6565EA5A&_nc_sid=2999b8","tari__md","https://www.instagram.com/p/Cv9mFQGNOXU/","Dia kalo makan all you cant eat gmna ya","2023-09-03T04:52:02.000Z"
"18037231342543990","0","https://instagram.fsgn5-2.fna.fbcdn.net/v/t51.2885-19/403773195_363591749420153_4047622269609352244_n.jpg?stp=dst-jpg_s150x150&_nc_ht=instagram.fsgn5-2.fna.fbcdn.net&_nc_cat=105&_nc_ohc=1dlZRVzMYxkAX-vWotB&edm=AP_V10EBAAAA&ccb=7-5&oh=00_AfDoG5I4Ne1jHmkkv5i0b-bKW0Vy67I4KMKfDarF5F7t3g&oe=65669E4A&_nc_sid=2999b8","anom_tedja_a","https://www.instagram.com/p/Cv9mFQGNOXU/","Anjay jadi laper","2023-09-04T09:31:17.000Z"
"18300308491143312","0","https://instagram.fsgn5-5.fna.fbcdn.net/v/t51.2885-19/69618671_2420401911578736_8075235005556588544_n.jpg?stp=dst-jpg_s150x150&_nc_ht=instagram.fsgn5-5.fna.fbcdn.net&_nc_cat=100&_nc_ohc=KlrVOq5leUsAX_L0aD4&edm=AP_V10EBAAAA&ccb=7-5&oh=00_AfB00Z-MtP3FKDNQ9D5eLwV67hlwfM-J3rcNn5pgxMew9w&oe=65678C81&_nc_sid=2999b8","anjaniarum_mahenda","https://www.instagram.com/p/Cv9mFQGNOXU/","Gekikara ini enak banget. Saya kadang itu mix Gekikara hitam sama yg pink rasa carbonara, habis itu atasnya dikasih rumput laut, keju sama telur. Beuh mantul.","2023-09-05T07:52:36.000Z"
"17989794773201421","4","https://instagram.fsgn5-3.fna.fbcdn.net/v/t51.2885-19/391287932_870841574631436_893756913714169435_n.jpg?stp=dst-jpg_s150x150&_nc_ht=instagram.fsgn5-3.fna.fbcdn.net&_nc_cat=104&_nc_ohc=KeYkN8-gA_gAX-D_QjO&edm=AP_V10EBAAAA&ccb=7-5&oh=00_AfBMd8ykvQTNQLi3FZuzrEQLPSIBnWD0E2tMxT1wR-4bJA&oe=656644AC&_nc_sid=2999b8","niasa06","https://www.instagram.com/p/Cv9mFQGNOXU/","@aikoyhui betul ga kebayang😢","2023-09-06T02:41:54.000Z"
"18282479659178432","0","https://instagram.fsgn5-15.fna.fbcdn.net/v/t51.2885-19/26066998_162148841217899_5246495812707418112_n.jpg?stp=dst-jpg_s150x150&_nc_ht=instagram.fsgn5-15.fna.fbcdn.net&_nc_cat=111&_nc_ohc=mPgOQj3N_ssAX_UUneI&edm=AP_V10EBAAAA&ccb=7-5&oh=00_AfD6gmEKvtK5DM4Tu3ibxtJ8wN14ipOM6HEJCPZzwFWoLg&oe=6566D854&_nc_sid=2999b8","ria_abalabal","https://www.instagram.com/p/Cv9mFQGNOXU/","Di mulut saya ramen itu gak enak banget","2023-09-14T03:20:51.000Z"
"18019554829704229","3","https://instagram.fixc1-3.fna.fbcdn.net/v/t51.2885-19/44884218_345707102882519_2446069589734326272_n.jpg?_nc_ht=instagram.fixc1-3.fna.fbcdn.net&_nc_cat=1&_nc_ohc=aXevNjH73PQAX-PT4gM&edm=AD93TDoBAAAA&ccb=7-5&ig_cache_key=YW5vbnltb3VzX3Byb2ZpbGVfcGlj.2-ccb7-5&oh=00_AfC9ppef9l1pcHlvesFazB4z4Ld-WdBrPnwfoWf-NOe0WA&oe=6567474F&_nc_sid=87e5dd","10venasya","https://www.instagram.com/p/Cv9mFQGNOXU/","@aikoyhui seleraa, mungkin abang nya suka","2023-09-15T23:53:02.000Z"
"18306844222129005","0","https://instagram.fixc1-3.fna.fbcdn.net/v/t51.2885-19/44884218_345707102882519_2446069589734326272_n.jpg?_nc_ht=instagram.fixc1-3.fna.fbcdn.net&_nc_cat=1&_nc_ohc=aXevNjH73PQAX-PT4gM&edm=AD93TDoBAAAA&ccb=7-5&ig_cache_key=YW5vbnltb3VzX3Byb2ZpbGVfcGlj.2-ccb7-5&oh=00_AfC9ppef9l1pcHlvesFazB4z4Ld-WdBrPnwfoWf-NOe0WA&oe=6567474F&_nc_sid=87e5dd","lisnawnrs_","https://www.instagram.com/p/Cv9mFQGNOXU/","Bang gimana biar lambung aman makan pedes kek gitu","2023-09-16T12:32:26.000Z"
"17982116852412392","0","https://instagram.fsgn5-15.fna.fbcdn.net/v/t51.2885-19/326073243_874529263668071_8292255940179178344_n.jpg?stp=dst-jpg_s150x150&_nc_ht=instagram.fsgn5-15.fna.fbcdn.net&_nc_cat=111&_nc_ohc=7G_ud40h8PMAX-ni6DK&edm=AP_V10EBAAAA&ccb=7-5&oh=00_AfBg-rpM71axXEh0-9JWBQx_cV-zQpDO0bpE0MBsxwXLjg&oe=6566A768&_nc_sid=2999b8","edien.id","https://www.instagram.com/p/Cv9mFQGNOXU/","Seblaknya menyalahi kodrat kerupuk 😂. Kerupuk di jadiin seblak","2023-09-19T07:24:52.000Z"
"17976723731334472","0","https://instagram.fsgn5-15.fna.fbcdn.net/v/t51.2885-19/394947210_1742069596240892_5601324991179361434_n.jpg?stp=dst-jpg_s150x150&_nc_ht=instagram.fsgn5-15.fna.fbcdn.net&_nc_cat=108&_nc_ohc=IhQHpY7LwRUAX-VGW44&edm=AP_V10EBAAAA&ccb=7-5&oh=00_AfDdBq18rMdG812-6iyE_S-p6kyFw01vSN96b6BIFL6DTg&oe=65661364&_nc_sid=2999b8","neroku_","https://www.instagram.com/p/Cv9mFQGNOXU/","ala Jepang bang bukan Korea 🙌🙌🔥🔥","2023-09-22T12:02:30.000Z"
"18007636051948341","0","https://instagram.fsgn5-2.fna.fbcdn.net/v/t51.2885-19/381041866_1002257021044853_3000945721486263706_n.jpg?stp=dst-jpg_s150x150&_nc_ht=instagram.fsgn5-2.fna.fbcdn.net&_nc_cat=105&_nc_ohc=K2ngfEhYWkAAX8M4F2P&edm=AP_V10EBAAAA&ccb=7-5&oh=00_AfAkAiwZD5Oz22y764K9j2yQX7kmYNHGQOrjYWw1hEmm-A&oe=6566E709&_nc_sid=2999b8","ario.hanindito","https://www.instagram.com/p/Cv9mFQGNOXU/","Bang lu ga takut kena kangker bang ?","2023-09-26T07:06:31.000Z"
"17984045888219605","0","https://instagram.fsgn5-5.fna.fbcdn.net/v/t51.2885-19/361157749_818741083171116_3871371139908302880_n.jpg?stp=dst-jpg_s150x150&_nc_ht=instagram.fsgn5-5.fna.fbcdn.net&_nc_cat=100&_nc_ohc=NxKNoxwtlkIAX_YCQZA&edm=AP_V10EBAAAA&ccb=7-5&oh=00_AfBiy5xfMpIlkRj5Oa_ioO00MI-eShS9aiukCLM_VTNYYg&oe=6565FCC5&_nc_sid=2999b8","yu.aayy","https://www.instagram.com/p/Cv9mFQGNOXU/","Maunya kuah","2023-09-26T22:50:37.000Z"
"18081439453383518","0","https://instagram.fsgn5-15.fna.fbcdn.net/v/t51.2885-19/401850584_3452614364990480_7971051827279615469_n.jpg?stp=dst-jpg_s150x150&_nc_ht=instagram.fsgn5-15.fna.fbcdn.net&_nc_cat=108&_nc_ohc=0SB5PE2spDoAX8MWa_d&edm=AP_V10EBAAAA&ccb=7-5&oh=00_AfAinY5VP6JkTA1UFK8KWR5ajmnmZ6Za3T7hDi3GaRm-Nw&oe=6566E336&_nc_sid=2999b8","wildaroudlotul","https://www.instagram.com/p/Cv9mFQGNOXU/","Udah pernah cobain, rasanya wooow pedes nagih juga😍🙌","2023-09-27T23:04:45.000Z"
"17849034123062189","0","https://instagram.fsgn5-10.fna.fbcdn.net/v/t51.2885-19/387267367_335093155698511_4908362158225285579_n.jpg?stp=dst-jpg_s150x150&_nc_ht=instagram.fsgn5-10.fna.fbcdn.net&_nc_cat=107&_nc_ohc=Iatszp5YZgoAX-THVo2&edm=AP_V10EBAAAA&ccb=7-5&oh=00_AfDxBfJOgQqmfo_u7T3HSoU7yK4yeeyrXKdQeq9AHPOPrA&oe=6567471D&_nc_sid=2999b8","alft.m","https://www.instagram.com/p/Cv9mFQGNOXU/","Pas liat mukbang di YouTube,Gilak sekali makan langsung banyak tapi perut kok ngk buncit,bagi tipsnya dong bang bisa kuat makan langsung banyak gitu + perut gk buncit?","2023-09-29T01:49:44.000Z"
"17897622752873097","0","https://instagram.fsgn5-14.fna.fbcdn.net/v/t51.2885-19/385841012_312440338067653_1443179252904090542_n.jpg?stp=dst-jpg_s150x150&_nc_ht=instagram.fsgn5-14.fna.fbcdn.net&_nc_cat=101&_nc_ohc=oq2oz05IayQAX9BNMCG&edm=AP_V10EBAAAA&ccb=7-5&oh=00_AfATN2NMbmUoctBkKRT5zJBl_tPmWOHskTiQk798DDjmTA&oe=6566D2DA&_nc_sid=2999b8","borzxu","https://www.instagram.com/p/Cv9mFQGNOXU/","BISMILLAH 😌","2023-10-05T02:40:09.000Z"
"18023824147738014","0","https://instagram.fsgn5-3.fna.fbcdn.net/v/t51.2885-19/404302239_1067329624717816_7321188603680366819_n.jpg?stp=dst-jpg_s150x150&_nc_ht=instagram.fsgn5-3.fna.fbcdn.net&_nc_cat=104&_nc_ohc=yBEuP-cEafQAX_ANwcp&edm=AP_V10EBAAAA&ccb=7-5&oh=00_AfCMLeOEQv_Wb8jlpPo7xD_vcuNAy_rFrmTAyAx3KmVwUA&oe=6567839E&_nc_sid=2999b8","nandvoxellz","https://www.instagram.com/p/Cv9mFQGNOXU/","loopingnya smooth banget anjir","2023-10-15T02:10:53.000Z"
"18006778814020426","3","https://instagram.fsgn5-8.fna.fbcdn.net/v/t51.2885-19/404604770_1392287344710021_3806471853572551847_n.jpg?stp=dst-jpg_s150x150&_nc_ht=instagram.fsgn5-8.fna.fbcdn.net&_nc_cat=109&_nc_ohc=9fkxRHy7tm8AX93Ec25&edm=AP_V10EBAAAA&ccb=7-5&oh=00_AfDhEY9QHbHaL8PxdGBet3UOTT2kLIXhGdxnVZK6RQwH6w&oe=6566FDF0&_nc_sid=2999b8","sweet.honeyyyxy","https://www.instagram.com/p/Cv9mFQGNOXU/","@aikoyhui plss ak pernah masak kek gt trs kebanyakan bawang putih dan rasanya gaenak mn di campur sm mie jg 😭","2023-10-16T11:51:48.000Z"
"17968795154492790","1","https://instagram.fsgn5-14.fna.fbcdn.net/v/t51.2885-19/131898171_230167538650602_7151622920365093781_n.jpg?stp=dst-jpg_s150x150&_nc_ht=instagram.fsgn5-14.fna.fbcdn.net&_nc_cat=106&_nc_ohc=G9rD3SbBD4kAX-TlkO0&edm=AP_V10EBAAAA&ccb=7-5&oh=00_AfCBzPa7sAucAi5byZtMcWxn0yw-KlXcN0w_f3S6eOgaFg&oe=656618CB&_nc_sid=2999b8","aikoyhui","https://www.instagram.com/p/Cv9mFQGNOXU/","@sweet.honeyyyxy iya..😂😂..sama..akhirnya g kemakan..😓😓","2023-10-17T00:27:54.000Z"
"18284018470158090","0","https://instagram.fsgn5-8.fna.fbcdn.net/v/t51.2885-19/333292854_934988037860013_1044790288822166314_n.jpg?stp=dst-jpg_s150x150&_nc_ht=instagram.fsgn5-8.fna.fbcdn.net&_nc_cat=109&_nc_ohc=--Y_Egb0Sb0AX9G4mYQ&edm=AP_V10EBAAAA&ccb=7-5&oh=00_AfDOYJHgGHQcaBAjzmX0TyS9CYZFxa_SqLR-7V70SZNsuQ&oe=65664D70&_nc_sid=2999b8","ahyunera","https://www.instagram.com/p/Cv9mFQGNOXU/","@enanadiputra  enak ga","2023-10-23T16:46:37.000Z"
"18063634069452423","0","https://instagram.fsgn5-2.fna.fbcdn.net/v/t51.2885-19/364993367_958663481886329_685649606993453221_n.jpg?stp=dst-jpg_s150x150&_nc_ht=instagram.fsgn5-2.fna.fbcdn.net&_nc_cat=105&_nc_ohc=RaNxSeIgOhkAX-GoOS_&edm=AP_V10EBAAAA&ccb=7-5&oh=00_AfB36x0EbhCi9ElGrWwRCM3Z-Ri-gCMyouRPMaQ2sdv6IQ&oe=656663F8&_nc_sid=2999b8","nozalavenza","https://www.instagram.com/p/Cv9mFQGNOXU/","seblak apa Tahu gejrot","2023-10-24T15:49:51.000Z"
"17914553618752902","0","https://instagram.fsgn5-8.fna.fbcdn.net/v/t51.2885-19/350861904_983191246294305_6205330782184824696_n.jpg?stp=dst-jpg_s150x150&_nc_ht=instagram.fsgn5-8.fna.fbcdn.net&_nc_cat=109&_nc_ohc=O0FPHibUfaYAX8g0zM8&edm=AP_V10EBAAAA&ccb=7-5&oh=00_AfDAcVqeSXpgPgwnxQ_mENjkxQ8f3FLNdgBPpU1qXrcYOQ&oe=65664499&_nc_sid=2999b8","ini_cciii","https://www.instagram.com/p/Cv9mFQGNOXU/","@syaadz_01 cobain cad","2023-11-02T00:33:07.000Z"
"17933201222771920","0","https://instagram.fsgn5-12.fna.fbcdn.net/v/t51.2885-19/278434713_2707156139428275_2646606161165867296_n.jpg?stp=dst-jpg_s150x150&_nc_ht=instagram.fsgn5-12.fna.fbcdn.net&_nc_cat=103&_nc_ohc=N_pmLbCwaGsAX9uhMz0&edm=AP_V10EBAAAA&ccb=7-5&oh=00_AfBE45QU6G8B-gGIZv_GeQR3eyDH77fY1vLb1_5GyVQLvQ&oe=65667F50&_nc_sid=2999b8","syaadz_01","https://www.instagram.com/p/Cv9mFQGNOXU/","@ini_cciii males buatnyaa iii","2023-11-02T05:33:15.000Z"
"18025840789707205","0","https://instagram.fsgn5-9.fna.fbcdn.net/v/t51.2885-19/397293315_1326603281556602_3546541577950571370_n.jpg?stp=dst-jpg_s150x150&_nc_ht=instagram.fsgn5-9.fna.fbcdn.net&_nc_cat=102&_nc_ohc=z0cBCRwyOhsAX8h-ZD2&edm=AP_V10EBAAAA&ccb=7-5&oh=00_AfDk0hzVN_En9wVgjFaH9kwgw5dPbuIAXASHoshbIHENdA&oe=65675F63&_nc_sid=2999b8","raniiiiisn","https://www.instagram.com/p/Cv9mFQGNOXU/","Yukkk tar tth ksana bikin yukkk @myblup","2023-11-03T03:26:53.000Z"
"17993151050360618","0","https://instagram.fsgn5-9.fna.fbcdn.net/v/t51.2885-19/393704739_713966120579558_7485437986152346055_n.jpg?stp=dst-jpg_s150x150&_nc_ht=instagram.fsgn5-9.fna.fbcdn.net&_nc_cat=102&_nc_ohc=bhO7wy9V4joAX8soGrd&edm=AP_V10EBAAAA&ccb=7-5&oh=00_AfDGKmuV9cQJOfMR0IbN4LghiFM5QBBM4MoMYSuZZSQBUw&oe=65678EB9&_nc_sid=2999b8","royal.crumb","https://www.instagram.com/p/Cv9mFQGNOXU/","Enak banget nih🤤","2023-11-03T11:30:26.000Z"
"18210660589256902","0","https://instagram.fsgn5-10.fna.fbcdn.net/v/t51.2885-19/281729864_543939497308747_1175829820716321376_n.jpg?stp=dst-jpg_s150x150&_nc_ht=instagram.fsgn5-10.fna.fbcdn.net&_nc_cat=107&_nc_ohc=Iod0C9rf_koAX98pVv3&edm=AP_V10EBAAAA&ccb=7-5&oh=00_AfD72twMXLWZ_e-H0ro7uYStRSrOd2o3GqCkL0SSTSzbTA&oe=6565FDE0&_nc_sid=2999b8","ferifernando535","https://www.instagram.com/p/Cv9mFQGNOXU/","GK enak","2023-11-05T07:20:30.000Z"
"17885116736952681","0","https://instagram.fsgn5-10.fna.fbcdn.net/v/t51.2885-19/340940325_184612964391919_1979684101951995818_n.jpg?stp=dst-jpg_s150x150&_nc_ht=instagram.fsgn5-10.fna.fbcdn.net&_nc_cat=107&_nc_ohc=U1qo8k23bT4AX-pgpoG&edm=AP_V10EBAAAA&ccb=7-5&oh=00_AfCxHaUmKMdH47y68bant6LdlHe2afTuqDmPAuYuZq8ZGQ&oe=65666A9A&_nc_sid=2999b8","forstone.skada","https://www.instagram.com/p/Cv9mFQGNOXU/","@7drexz","2023-11-06T08:05:33.000Z"
"18007586327034730","0","https://instagram.fsgn5-12.fna.fbcdn.net/v/t51.2885-19/148255466_1916582608480107_7546382579203709719_n.jpg?stp=dst-jpg_s150x150&_nc_ht=instagram.fsgn5-12.fna.fbcdn.net&_nc_cat=103&_nc_ohc=QFY2evqAzrcAX8VnKj_&edm=AP_V10EBAAAA&ccb=7-5&oh=00_AfDs7dnNBjDC37KKrv8V3SHaz23Uv5yVMi3F7sxhJCypgg&oe=656605E1&_nc_sid=2999b8","gayuh_aji","https://www.instagram.com/p/Cv9mFQGNOXU/","Bikin ngileer","2023-11-06T15:38:04.000Z"
"18014307532943331","0","https://instagram.fsgn5-15.fna.fbcdn.net/v/t51.2885-19/330858107_1368524190572039_3291194420612101561_n.jpg?stp=dst-jpg_s150x150&_nc_ht=instagram.fsgn5-15.fna.fbcdn.net&_nc_cat=111&_nc_ohc=grZNnyw8tsYAX_vqogr&edm=AP_V10EBAAAA&ccb=7-5&oh=00_AfACPWjGphhU-UFdKdzjAFczoDqQob3tzwLzAhp4dMyZfg&oe=65663287&_nc_sid=2999b8","pejuang_hidupg","https://www.instagram.com/p/Cv9mFQGNOXU/","Pernah panas dalem ga sih 😢😢 itu pencernaan kuat bngtt ..pengen bngt kalau udah makan lada ga panas dalem","2023-11-07T13:32:56.000Z"
"17844431226098687","1","https://instagram.fsgn5-2.fna.fbcdn.net/v/t51.2885-19/362046710_323959099971881_907420219226785994_n.jpg?stp=dst-jpg_s150x150&_nc_ht=instagram.fsgn5-2.fna.fbcdn.net&_nc_cat=105&_nc_ohc=J5nIGCV8oxkAX_xd6DR&edm=AP_V10EBAAAA&ccb=7-5&oh=00_AfBkn5XHg7LiE0a5E33xmUto4gZyv4uhfFlCKoc3e-xKGg&oe=65664BD8&_nc_sid=2999b8","pichullo2","https://www.instagram.com/p/Cv9mFQGNOXU/","Kok gw gak doyan ya makan mie itu","2023-11-07T13:36:11.000Z"
"17989378100403402","0","https://instagram.fsgn5-9.fna.fbcdn.net/v/t51.2885-19/111758905_366244914361298_694345388581125743_n.jpg?stp=dst-jpg_s150x150&_nc_ht=instagram.fsgn5-9.fna.fbcdn.net&_nc_cat=102&_nc_ohc=HS0jneqoRHsAX-0LBJi&edm=AP_V10EBAAAA&ccb=7-5&oh=00_AfBYBqssiX6WqFaPA1dsj9TgLmunraafvDwmgGp_xStUdA&oe=65660F96&_nc_sid=2999b8","rafidworks","https://www.instagram.com/p/Cv9mFQGNOXU/","Gekikara carbonara rasanya mirip samyang carbonara tapi begitu gekikara hot chicken sama samyang original rasanya gak mirip","2023-11-13T12:01:46.000Z"
"18390887308007139","0","https://instagram.fgru19-1.fna.fbcdn.net/v/t51.2885-19/165080205_3024603291101265_5215337047128623342_n.jpg?stp=dst-jpg_s150x150&_nc_ht=instagram.fgru19-1.fna.fbcdn.net&_nc_cat=109&_nc_ohc=abwNA8g03NAAX8QeYGa&edm=AP_V10EBAAAA&ccb=7-5&oh=00_AfCf8B2YADlzKSkk_mjTywG6YDxp-d7yHQqyt2xgSQZShw&oe=6567612F&_nc_sid=2999b8","tina_muach","https://www.instagram.com/p/CzH-c7nvd2E/","Semoga sllu sukses","2023-11-02T16:28:11.000Z"
"18031231810654358","0","https://instagram.fgru19-1.fna.fbcdn.net/v/t51.2885-19/366127960_1018758209255295_4798034852110034384_n.jpg?stp=dst-jpg_s150x150&_nc_ht=instagram.fgru19-1.fna.fbcdn.net&_nc_cat=103&_nc_ohc=S27fKecX0HsAX-qPFdx&edm=AP_V10EBAAAA&ccb=7-5&oh=00_AfAZ4v0nlcDQUJWR6bZq_Sheb8lRZUsrYthoQFtj85qVRQ&oe=65675FE7&_nc_sid=2999b8","nand_o99999","https://www.instagram.com/p/CzH-c7nvd2E/","🔥🔥🔥🔥🔥🔥","2023-11-02T20:38:23.000Z"
"18010225414994403","1","https://instagram.fgru19-1.fna.fbcdn.net/v/t51.2885-19/397309599_712941850866947_7091922112445187203_n.jpg?stp=dst-jpg_s150x150&_nc_ht=instagram.fgru19-1.fna.fbcdn.net&_nc_cat=111&_nc_ohc=k-9MsoequYgAX-lW_p6&edm=AP_V10EBAAAA&ccb=7-5&oh=00_AfCYhveXEMNoLM1vOjr7d_4vIKWgAWZHkSetA37_npqBNA&oe=65673389&_nc_sid=2999b8","joasriadi_adi","https://www.instagram.com/p/CzH-c7nvd2E/","Alhamdulillah Uda.","2023-11-02T21:23:10.000Z"
"17998996109244407","1","https://instagram.fgru19-1.fna.fbcdn.net/v/t51.2885-19/397309599_712941850866947_7091922112445187203_n.jpg?stp=dst-jpg_s150x150&_nc_ht=instagram.fgru19-1.fna.fbcdn.net&_nc_cat=111&_nc_ohc=k-9MsoequYgAX-lW_p6&edm=AP_V10EBAAAA&ccb=7-5&oh=00_AfCYhveXEMNoLM1vOjr7d_4vIKWgAWZHkSetA37_npqBNA&oe=65673389&_nc_sid=2999b8","joasriadi_adi","https://www.instagram.com/p/CzH-c7nvd2E/","Alhamdulillah Uda...semoga Wak bisa sukses sarupo Uda.Amiin","2023-11-02T21:23:34.000Z"
"18397295962040905","2","https://instagram.fgru19-1.fna.fbcdn.net/v/t51.2885-19/386159182_235476445842248_7107890552064221238_n.jpg?stp=dst-jpg_s150x150&_nc_ht=instagram.fgru19-1.fna.fbcdn.net&_nc_cat=108&_nc_ohc=MbDbnFwV1dAAX8ZaGjg&edm=AP_V10EBAAAA&ccb=7-5&oh=00_AfArelQt6J-JXfdOLFKU-eXWjq-33McxNAqgkjmckyzlPA&oe=65663AA2&_nc_sid=2999b8","rifkinr13","https://www.instagram.com/p/CzH-c7nvd2E/","Mantap sukses terus bg 🔥🔥🙌","2023-11-02T23:37:28.000Z"
"18001507379282255","0","https://instagram.fgru19-1.fna.fbcdn.net/v/t51.2885-19/397172214_342485508266222_6185121389653844558_n.jpg?stp=dst-jpg_s150x150&_nc_ht=instagram.fgru19-1.fna.fbcdn.net&_nc_cat=102&_nc_ohc=d36Ot13VG9UAX-qfBKU&edm=AP_V10EBAAAA&ccb=7-5&oh=00_AfC1oQDi-uihkAS6dy9OwSX8qD1ILsjgFtqwLDdqYykIWA&oe=6566D78D&_nc_sid=2999b8","_iaptella","https://www.instagram.com/p/CzH-c7nvd2E/","Waktu hamil gak bisa liat makannan bawaannya mual , liat orang makan kg gak bisa , tapi cuma nonton mukbang bang bara yg gak mual jadi pengen ikutan mukbang ,, masa itu … sekarang yg d perut udah jadi bayi , udah usia 8 bulan , sambil suapin doi yg lagi GTM emaknye nonton mukbang bang bara 😂😂","2023-11-03T01:52:28.000Z"
"18030755524636735","0","https://instagram.fgru19-1.fna.fbcdn.net/v/t51.2885-19/403978039_1885788008481801_4183844382291094752_n.jpg?stp=dst-jpg_s150x150&_nc_ht=instagram.fgru19-1.fna.fbcdn.net&_nc_cat=109&_nc_ohc=zmgy5xExMP4AX_5Ajw8&edm=AP_V10EBAAAA&ccb=7-5&oh=00_AfDSGfCB4bLzVXu15-QBYBekaXi0EgT-h_mIndIVRycWCg&oe=6566D360&_nc_sid=2999b8","thoriq_kei","https://www.instagram.com/p/CzH-c7nvd2E/","Bg lu punya Previlage krn nama Tanboy kun, jgn Pakai kata Bara org gk kenal @tanboy_kun","2023-11-03T02:51:28.000Z"
"18396501955047188","0","https://instagram.fgru19-1.fna.fbcdn.net/v/t51.2885-19/327461168_697057918875478_4335337814369966664_n.jpg?stp=dst-jpg_s150x150&_nc_ht=instagram.fgru19-1.fna.fbcdn.net&_nc_cat=110&_nc_ohc=na8yLUX7x3kAX-otkce&edm=AP_V10EBAAAA&ccb=7-5&oh=00_AfDCdpC6y9DZH8Qu973IWLB81Oune5HHAL05QIcKsEE36Q&oe=65675F8F&_nc_sid=2999b8","obymhdd","https://www.instagram.com/p/CzH-c7nvd2E/","Sejak lama gua baru ini liat lu ga make topi bang beda bngt bang","2023-11-03T03:30:24.000Z"
"18064264594413856","0","https://instagram.fgru19-1.fna.fbcdn.net/v/t51.2885-19/330810424_1232069270746095_7402367478913818089_n.jpg?stp=dst-jpg_s150x150&_nc_ht=instagram.fgru19-1.fna.fbcdn.net&_nc_cat=103&_nc_ohc=HsEWBKXxIoYAX8dhCtq&edm=AP_V10EBAAAA&ccb=7-5&oh=00_AfD4jeaUsmH_6UiS4kuVErkrjlHHorlO1v6RGDTigX-s0w&oe=65673217&_nc_sid=2999b8","veriwa14","https://www.instagram.com/p/CzH-c7nvd2E/","Keren bang Bara.","2023-11-03T04:05:30.000Z"
"18289852312180177","0","https://instagram.fgru19-1.fna.fbcdn.net/v/t51.2885-19/387755111_159137483942450_4568885342699731491_n.jpg?stp=dst-jpg_s150x150&_nc_ht=instagram.fgru19-1.fna.fbcdn.net&_nc_cat=102&_nc_ohc=55yXu5fasSEAX-zBNbQ&edm=AP_V10EBAAAA&ccb=7-5&oh=00_AfDTFOhUT00gWomwITTXnDe7OLsc5YnzGGRCc_TDAUgf5g&oe=65664EDD&_nc_sid=2999b8","dzakimotovlog28","https://www.instagram.com/p/CzH-c7nvd2E/","Selamat bang sukses selalu","2023-11-03T04:29:28.000Z"
"17862314589029654","0","https://instagram.fgru19-1.fna.fbcdn.net/v/t51.2885-19/392947294_1362203024705104_6343383864188830084_n.jpg?stp=dst-jpg_s150x150&_nc_ht=instagram.fgru19-1.fna.fbcdn.net&_nc_cat=104&_nc_ohc=dvhY1vqR_4YAX_maFPQ&edm=AP_V10EBAAAA&ccb=7-5&oh=00_AfCgOKAEs2TdmVtjfH67SQrU1Rgpv9Y9ZEaJijmH6boPJQ&oe=656718EB&_nc_sid=2999b8","fresti_ana","https://www.instagram.com/p/CzH-c7nvd2E/","Bangga banget sih jadi follower ka @myname.anas dari mulai bangun gedung buat usaha ini banyak lika likunya akhirnya sekarang tercapai jugq..","2023-11-03T06:03:48.000Z"
"17926069673700132","0","https://instagram.fgru19-1.fna.fbcdn.net/v/t51.2885-19/301894127_1436355873540534_1184448342367857307_n.jpg?stp=dst-jpg_s150x150&_nc_ht=instagram.fgru19-1.fna.fbcdn.net&_nc_cat=106&_nc_ohc=HwntwVIqEbIAX-pxSwS&edm=AP_V10EBAAAA&ccb=7-5&oh=00_AfBEXNwFGkAh_3fgA8wzlRPbV3K3VNZBm54h3V5rgKMkrQ&oe=6566EE10&_nc_sid=2999b8","rezanurdena","https://www.instagram.com/p/CzH-c7nvd2E/","Sukses bar @tanboy_kun usaha baru nya","2023-11-03T07:18:37.000Z"
"17988515168233552","0","https://instagram.fgru19-1.fna.fbcdn.net/v/t51.2885-19/403149315_1415970208954056_4163450162292631417_n.jpg?stp=dst-jpg_s150x150&_nc_ht=instagram.fgru19-1.fna.fbcdn.net&_nc_cat=100&_nc_ohc=OhpPrK2HKhoAX92FVK-&edm=AP_V10EBAAAA&ccb=7-5&oh=00_AfCFZKUWVOxh96Fk2mAGIq7SpOdhEwXdmK3DFq6EgLVHhA&oe=6566C23C&_nc_sid=2999b8","nazzharaa_","https://www.instagram.com/p/CzH-c7nvd2E/","Gaassiinnn🔥🔥","2023-11-03T08:52:44.000Z"
"17847038364075981","2","https://instagram.fgru19-1.fna.fbcdn.net/v/t51.2885-19/391370955_316380877688964_8738324673535613263_n.jpg?stp=dst-jpg_s150x150&_nc_ht=instagram.fgru19-1.fna.fbcdn.net&_nc_cat=100&_nc_ohc=ULZmDMxEOwMAX8uzKdC&edm=AP_V10EBAAAA&ccb=7-5&oh=00_AfBt5f6dyj7eYO8cgY0Z7X0Piv5AqcF3MtucwDqh1fEPbQ&oe=65664E2A&_nc_sid=2999b8","muhammadriski8987","https://www.instagram.com/p/CzH-c7nvd2E/","Bang kulinaran ke arab bang sekalian umrah👏","2023-11-03T09:48:01.000Z"
"17892172355852555","0","https://instagram.fgru19-1.fna.fbcdn.net/v/t51.2885-19/376032110_828258555498985_189873356647755918_n.jpg?stp=dst-jpg_s150x150&_nc_ht=instagram.fgru19-1.fna.fbcdn.net&_nc_cat=101&_nc_ohc=-jhQlXlaQ2AAX94SsrE&edm=AP_V10EBAAAA&ccb=7-5&oh=00_AfD7mFvjdKXmYF620BoJLTnqhkjrbIwFMNQbr9EzEuipUQ&oe=6566656F&_nc_sid=2999b8","___jepeee","https://www.instagram.com/p/CzH-c7nvd2E/","sukses bang @btr_moreno","2023-11-03T12:43:03.000Z"
"17911944452833983","0","https://instagram.fgru19-1.fna.fbcdn.net/v/t51.2885-19/374167688_329357616138794_745491344623858234_n.jpg?stp=dst-jpg_s150x150&_nc_ht=instagram.fgru19-1.fna.fbcdn.net&_nc_cat=102&_nc_ohc=QlH6Ps7_peEAX87ML_b&edm=AP_V10EBAAAA&ccb=7-5&oh=00_AfDy8fDisjNPBx_v8IQUBWIa2Q8ZGHEj42zHDkC6bWeTyQ&oe=65677A6A&_nc_sid=2999b8","rifamulyawan","https://www.instagram.com/p/CzH-c7nvd2E/","lancar-lancar dan sukses terus Baang","2023-11-03T13:25:26.000Z"
"17842368399100397","0","https://scontent-atl3-2.cdninstagram.com/v/t51.2885-19/44884218_345707102882519_2446069589734326272_n.jpg?_nc_ht=scontent-atl3-2.cdninstagram.com&_nc_cat=1&_nc_ohc=aXevNjH73PQAX-gjKYL&edm=AAAAAAABAAAA&ccb=7-5&ig_cache_key=YW5vbnltb3VzX3Byb2ZpbGVfcGlj.2-ccb7-5&oh=00_AfCW0S52ldDChQIrfjSPJORPEYlHwHIiqwiq3La77QsMSg&oe=6567474F&_nc_sid=2c5659","_callmellann","https://www.instagram.com/p/CzH-c7nvd2E/","keren👏, follow ig ku dong😆😂","2023-11-03T13:27:48.000Z"
"17974734497443952","0","https://instagram.fgru19-1.fna.fbcdn.net/v/t51.2885-19/401607742_298021583100592_1795272451336965295_n.jpg?stp=dst-jpg_s150x150&_nc_ht=instagram.fgru19-1.fna.fbcdn.net&_nc_cat=104&_nc_ohc=Uiil4yr2UvMAX_sqGi0&edm=AP_V10EBAAAA&ccb=7-5&oh=00_AfCr_aZH5hJtOmYf8ByQkZLwV5iMd_tEYhL8o8tUVN7BcA&oe=65665744&_nc_sid=2999b8","bima_bp_","https://www.instagram.com/p/CzH-c7nvd2E/","Makash inspirasinyo sanak","2023-11-03T13:29:25.000Z"
"17985582905295303","0","https://instagram.fgru19-1.fna.fbcdn.net/v/t51.2885-19/342921593_516536877171784_5556872464294769695_n.jpg?stp=dst-jpg_s150x150&_nc_ht=instagram.fgru19-1.fna.fbcdn.net&_nc_cat=104&_nc_ohc=IYy4jNIj0tUAX9y1t8K&edm=AP_V10EBAAAA&ccb=7-5&oh=00_AfBzgrUKA5GZ5Mgjm7nT4aU3KAOs9iLoWLMcj1uR8A5Wuw&oe=656641FF&_nc_sid=2999b8","rinamd89","https://www.instagram.com/p/CzH-c7nvd2E/","Sukses terus mas bara #asahisarden","2023-11-03T13:54:54.000Z"
"17979620768568477","0","https://instagram.fgru19-1.fna.fbcdn.net/v/t51.2885-19/403858066_363935502965609_5855727191926269891_n.jpg?stp=dst-jpg_s150x150&_nc_ht=instagram.fgru19-1.fna.fbcdn.net&_nc_cat=105&_nc_ohc=Jjgx_5rdgfAAX-LSElR&edm=AP_V10EBAAAA&ccb=7-5&oh=00_AfDLk23gnpAALVx-5F7tzO0LKuHSMmL9CcVfKyh0gMQ8Yw&oe=65662DC2&_nc_sid=2999b8","diva.candra_","https://www.instagram.com/p/CzH-c7nvd2E/","Bang kapan live maen game lagi😭😭","2023-11-03T14:44:19.000Z"
"17990683829178073","0","https://instagram.fgru19-1.fna.fbcdn.net/v/t51.2885-19/400412798_167382516396309_9002438923875410233_n.jpg?stp=dst-jpg_s150x150&_nc_ht=instagram.fgru19-1.fna.fbcdn.net&_nc_cat=109&_nc_ohc=Hf_VpfDQGfQAX8yv0GC&edm=AP_V10EBAAAA&ccb=7-5&oh=00_AfBq2-HwtPFutSjZvKqOZeoNXqf61mOPK1gcOjKnFltIsQ&oe=6566660A&_nc_sid=2999b8","syhrlrr_","https://www.instagram.com/p/CzH-c7nvd2E/","@andikadwisaputraaa @dhandydhrmwn @fauzannursyawal23  @rhmat.fai  jangn lupa k rmh yahh😂","2023-11-03T17:38:43.000Z"
"17865962195979403","0","https://instagram.fgru19-1.fna.fbcdn.net/v/t51.2885-19/305183603_565719292000749_1668999471875717852_n.jpg?stp=dst-jpg_s150x150&_nc_ht=instagram.fgru19-1.fna.fbcdn.net&_nc_cat=109&_nc_ohc=3CPLzDmZDe8AX85YZMR&edm=AP_V10EBAAAA&ccb=7-5&oh=00_AfCEN-WGHJcsOTZ3DqEbY6R9IdXuGaZyXYGmWK-Jg0Z18w&oe=65660FE6&_nc_sid=2999b8","dhandydhrmwn","https://www.instagram.com/p/CzH-c7nvd2E/","@syhrlrr_ mirip skalimi, cuman nda include istrinya nah","2023-11-03T18:44:11.000Z"
"17974355162441413","0","https://instagram.fgru19-1.fna.fbcdn.net/v/t51.2885-19/348248035_207546268755946_5129536408051427709_n.jpg?stp=dst-jpg_s150x150&_nc_ht=instagram.fgru19-1.fna.fbcdn.net&_nc_cat=110&_nc_ohc=RFAXD-uXwKkAX9RmmR0&edm=AP_V10EBAAAA&ccb=7-5&oh=00_AfB5dTgVdiCouHcdV3GOq3cYTppg2_DiTV1nIhi7aYuRxQ&oe=65666C62&_nc_sid=2999b8","syahr_ramadhan.sasmito","https://www.instagram.com/p/CzH-c7nvd2E/","Semangat bang","2023-11-03T21:18:14.000Z"
"18040080943563512","3","https://instagram.fgru19-1.fna.fbcdn.net/v/t51.2885-19/363292698_304350702033129_1037940081480067354_n.jpg?stp=dst-jpg_s150x150&_nc_ht=instagram.fgru19-1.fna.fbcdn.net&_nc_cat=109&_nc_ohc=L1s26Mk9hXgAX_UfS6C&edm=AP_V10EBAAAA&ccb=7-5&oh=00_AfD6WseOGQW4Fxr4AxNVfxc-LnUfxzZ73dJZouQ0MZVxrQ&oe=65667363&_nc_sid=2999b8","rhieayy24","https://www.instagram.com/p/CzH-c7nvd2E/","Usaha pertama berarti ngebakme cuma pinjam nama tanboy Kun doang dong","2023-11-03T23:55:45.000Z"
"18039565621571624","0","https://instagram.fgru19-1.fna.fbcdn.net/v/t51.2885-19/387269254_1399237480628984_8351676588668362249_n.jpg?stp=dst-jpg_s150x150&_nc_ht=instagram.fgru19-1.fna.fbcdn.net&_nc_cat=108&_nc_ohc=vpLjp0B_qCwAX9qSJsf&edm=AP_V10EBAAAA&ccb=7-5&oh=00_AfAE5N294IGGbA8i2mBil5wTDXohNHhxOM2qUWhiwo-DQw&oe=656664A8&_nc_sid=2999b8","meellliiiiaaaa","https://www.instagram.com/p/CzH-c7nvd2E/","keren lu bamg","2023-11-04T04:12:05.000Z"
"17898240065826402","0","https://instagram.fgru19-1.fna.fbcdn.net/v/t51.2885-19/399403616_1383420735584752_3999848427330661940_n.jpg?stp=dst-jpg_s150x150&_nc_ht=instagram.fgru19-1.fna.fbcdn.net&_nc_cat=104&_nc_ohc=h_cJP67WSEIAX8mXG6-&edm=AP_V10EBAAAA&ccb=7-5&oh=00_AfAHILjl-oNJEC2_dwF_in3s84mDNrhqDk_ZhLb_sfoPhg&oe=65662F5F&_nc_sid=2999b8","__badrosli","https://www.instagram.com/p/CzH-c7nvd2E/","👏","2023-11-04T13:21:47.000Z"
"17851509249052331","0","https://instagram.fgru19-1.fna.fbcdn.net/v/t51.2885-19/350581553_982188133196600_2217807701938983077_n.jpg?stp=dst-jpg_s150x150&_nc_ht=instagram.fgru19-1.fna.fbcdn.net&_nc_cat=108&_nc_ohc=5JAXezW7U7cAX8topia&edm=AP_V10EBAAAA&ccb=7-5&oh=00_AfCJ1JWU5tqadfk_nUyKHpUjDbJtAbvK1g2ynkOXghjv8A&oe=6566A0D2&_nc_sid=2999b8","noppriu","https://www.instagram.com/p/CzH-c7nvd2E/","Bang @tanboy_kun butuh tenaga kerja  nggk kebetulan saya minat kalo lagi di butuhin","2023-11-04T14:49:53.000Z"
"18027759094674131","0","https://instagram.fgru19-1.fna.fbcdn.net/v/t51.2885-19/403776125_1278279182860373_3804670200222158511_n.jpg?stp=dst-jpg_s150x150&_nc_ht=instagram.fgru19-1.fna.fbcdn.net&_nc_cat=105&_nc_ohc=X6IA7tKhHsEAX-05SwY&edm=AP_V10EBAAAA&ccb=7-5&oh=00_AfANLt2WEX2JMzqrJIFVWRwfMEZSAvhChp5eepJ-bdFS9w&oe=6567AAD2&_nc_sid=2999b8","swithxc","https://www.instagram.com/p/CzH-c7nvd2E/","Ga nyangka bangett aslii aku nontonnn baraa pass di kos""san sampee sekrangg suksesss sehat selaluu bang bara🙂","2023-11-04T16:36:39.000Z"
"18034993621611811","0","https://instagram.fgru19-1.fna.fbcdn.net/v/t51.2885-19/398411761_7274665672553346_6157009948513818369_n.jpg?stp=dst-jpg_s150x150&_nc_ht=instagram.fgru19-1.fna.fbcdn.net&_nc_cat=106&_nc_ohc=q__Wxt8ir3sAX-1Fp5p&edm=AP_V10EBAAAA&ccb=7-5&oh=00_AfCE0x62benw38Kw7k29gBjWWJi9UrridjuocoNMdydgKg&oe=65675BE9&_nc_sid=2999b8","hendraputra607","https://www.instagram.com/p/CzH-c7nvd2E/","Semangat terus bg bara","2023-11-04T18:50:19.000Z"
"18059334817477483","0","https://instagram.fgru19-1.fna.fbcdn.net/v/t51.2885-19/353923015_644232964233876_7201018747080568406_n.jpg?stp=dst-jpg_s150x150&_nc_ht=instagram.fgru19-1.fna.fbcdn.net&_nc_cat=100&_nc_ohc=rGzauErZiA0AX8-Jyy8&edm=AP_V10EBAAAA&ccb=7-5&oh=00_AfDfHN4UfFmsR8Bezf6QvifGONX8mArJ9BeUmr8K6dE3GQ&oe=65677378&_nc_sid=2999b8","septiane.2w","https://www.instagram.com/p/CzH-c7nvd2E/","Yang usaha mie itu kemana","2023-11-05T04:50:49.000Z"
"17906928917853590","0","https://instagram.fgru19-1.fna.fbcdn.net/v/t51.2885-19/365446091_6378377222216010_6281978695400540316_n.jpg?stp=dst-jpg_s150x150&_nc_ht=instagram.fgru19-1.fna.fbcdn.net&_nc_cat=106&_nc_ohc=iYN_5MaU6rgAX9egRPI&edm=AP_V10EBAAAA&ccb=7-5&oh=00_AfAC_YRobDZe4oy_apVUm3Oy-0smMrXEE0POxGaNvUAOyA&oe=6565C7A3&_nc_sid=2999b8","u_danggg","https://www.instagram.com/p/CzH-c7nvd2E/","semua memang berawal dari depok 🔥","2023-11-05T07:51:01.000Z"
"18297341410132424","0","https://instagram.fgru19-1.fna.fbcdn.net/v/t51.2885-19/322939641_1483715892119582_3199091094131542231_n.jpg?stp=dst-jpg_s150x150&_nc_ht=instagram.fgru19-1.fna.fbcdn.net&_nc_cat=102&_nc_ohc=vyR0rkuKHswAX_KQJL4&edm=AP_V10EBAAAA&ccb=7-5&oh=00_AfBO_6pXyTJi4xBQTr2OM4GXlOUjOhCoJpUIjpQ8j4N14Q&oe=65666835&_nc_sid=2999b8","dimasquran","https://www.instagram.com/p/CzH-c7nvd2E/","Bang mukbang semangka bang","2023-11-05T09:50:01.000Z"
"18031415821648999","0","https://instagram.fgru19-1.fna.fbcdn.net/v/t51.2885-19/371742065_837317494678745_3658909749756135335_n.jpg?stp=dst-jpg_s150x150&_nc_ht=instagram.fgru19-1.fna.fbcdn.net&_nc_cat=105&_nc_ohc=L8zYtqATdPsAX_MosZ9&edm=AP_V10EBAAAA&ccb=7-5&oh=00_AfAU51qyspBvKGFvsfrKQEIiIxgq68u6U4f8LBC3SJ9kCA&oe=6566FA4B&_nc_sid=2999b8","gakpapayhaa","https://www.instagram.com/p/CzH-c7nvd2E/","Gw masih ingat banget,, upload an lama nya pas masih di kos,,pake piring legend😁😁","2023-11-05T14:58:45.000Z"
"18022350712835638","0","https://instagram.fgru19-1.fna.fbcdn.net/v/t51.2885-19/400556295_1741805136336523_4483616160684837853_n.jpg?stp=dst-jpg_s150x150&_nc_ht=instagram.fgru19-1.fna.fbcdn.net&_nc_cat=107&_nc_ohc=4Ejl4bgBtpgAX8-BuZN&edm=AP_V10EBAAAA&ccb=7-5&oh=00_AfDKrYr-yyvOwPgwEMpaUwwnkiScIzm_V4KEw4-ILvknOw&oe=65676588&_nc_sid=2999b8","bulqisfitrie92","https://www.instagram.com/p/CzH-c7nvd2E/","MasyaaAllahh..","2023-11-06T07:34:02.000Z"
"17866120010981424","0","https://instagram.fgru19-1.fna.fbcdn.net/v/t51.2885-19/396505325_1294352551961700_1970274739430990374_n.jpg?stp=dst-jpg_s150x150&_nc_ht=instagram.fgru19-1.fna.fbcdn.net&_nc_cat=100&_nc_ohc=NwfKxQL5O1wAX9gZ5qI&edm=AP_V10EBAAAA&ccb=7-5&oh=00_AfCynCJe1TQd_ltrzP-zZRXub3cnegMr1jBDgtH01lQJuA&oe=6566C0EF&_nc_sid=2999b8","ra.idsky","https://www.instagram.com/p/CzH-c7nvd2E/","Ingfo loker","2023-11-06T12:38:50.000Z"
"18115684498327790","0","https://instagram.fgru19-1.fna.fbcdn.net/v/t51.2885-19/403561947_6332308596873038_289002117965565231_n.jpg?stp=dst-jpg_s150x150&_nc_ht=instagram.fgru19-1.fna.fbcdn.net&_nc_cat=102&_nc_ohc=EbOmZXJH2mUAX926cg1&edm=AP_V10EBAAAA&ccb=7-5&oh=00_AfDoyMylbRCJZ-tdluV79EXTZeCoUpnJqJI6hhGm4d9qfQ&oe=65670541&_nc_sid=2999b8","ikbalbale__","https://www.instagram.com/p/CzH-c7nvd2E/","Semoga dapat istri yang mau support juga nantinya","2023-11-06T23:51:25.000Z"
"17981969270582604","0","https://instagram.fgru19-1.fna.fbcdn.net/v/t51.2885-19/403949422_170750382790430_7621096263417277461_n.jpg?stp=dst-jpg_s150x150&_nc_ht=instagram.fgru19-1.fna.fbcdn.net&_nc_cat=102&_nc_ohc=HnE94OFVV7wAX_iNQEW&edm=AP_V10EBAAAA&ccb=7-5&oh=00_AfC-8B4W0JaVDldk81DmEO-J21fsNqRLl7vcMDwRMXF18Q&oe=6566DBEB&_nc_sid=2999b8","alan_raharusun","https://www.instagram.com/p/CzH-c7nvd2E/","Berlibur d Jelajai kuliner banda neira juga bang bara","2023-11-07T10:57:49.000Z"
"18134491375307891","0","https://instagram.fgru19-1.fna.fbcdn.net/v/t51.2885-19/397394297_1392114928354744_4994743816221434435_n.jpg?stp=dst-jpg_s150x150&_nc_ht=instagram.fgru19-1.fna.fbcdn.net&_nc_cat=104&_nc_ohc=DGxc-jf05JYAX8QMaZV&edm=AP_V10EBAAAA&ccb=7-5&oh=00_AfA6Cl1WMF3DCzK7FpRByDsbG8PQi8Gov0_gqZfmqmxFUw&oe=6565CA31&_nc_sid=2999b8","phiephipeacee","https://www.instagram.com/p/CzH-c7nvd2E/","Kok ditempatku denger"" resep nasi padang bumbu nya harus beli di satu tempat .. apa yg lain juga gtu ya. .. 🤔","2023-11-07T12:53:07.000Z"
"17938937876753789","0","https://instagram.fgru19-1.fna.fbcdn.net/v/t51.2885-19/259790539_285154493515032_8874176683808589806_n.jpg?stp=dst-jpg_s150x150&_nc_ht=instagram.fgru19-1.fna.fbcdn.net&_nc_cat=100&_nc_ohc=kVcN7Pw4blIAX9_mvsQ&edm=AP_V10EBAAAA&ccb=7-5&oh=00_AfBfJtUWL3vpxlcPoxWd3g5jN8YIPXXe2ndx0EpEMkDxMA&oe=65665097&_nc_sid=2999b8","sumberlemaktv","https://www.instagram.com/p/CzH-c7nvd2E/","Bangga 🥹 Sukses selalu bang bara 🔥","2023-11-08T00:49:14.000Z"
"18287089120144944","1","https://instagram.fgru19-1.fna.fbcdn.net/v/t51.2885-19/401107222_1368306854104073_343551302195303255_n.jpg?stp=dst-jpg_s150x150&_nc_ht=instagram.fgru19-1.fna.fbcdn.net&_nc_cat=105&_nc_ohc=cLfIjov7S_YAX8H5JvO&edm=AP_V10EBAAAA&ccb=7-5&oh=00_AfDQ4zWsvxnibN9TvRBEA2Zxqc9QZ3Yww4MkJ3-9ukCOvw&oe=65671C13&_nc_sid=2999b8","kall_1609","https://www.instagram.com/p/CzH-c7nvd2E/","Buek di padang bang","2023-11-11T02:46:45.000Z"
"17982370127582303","0","https://instagram.fgru19-1.fna.fbcdn.net/v/t51.2885-19/14717380_546575418870743_2743837653731377152_a.jpg?stp=dst-jpg_s150x150&_nc_ht=instagram.fgru19-1.fna.fbcdn.net&_nc_cat=111&_nc_ohc=ZSG-auWSm6UAX_axpkC&edm=AP_V10EBAAAA&ccb=7-5&oh=00_AfB6q5IoJ4p4_MiX_kRpYoiALovQ-snJBPR5X-8BRIZwEw&oe=6566C0F5&_nc_sid=2999b8","mroyhan_adr","https://www.instagram.com/p/CzH-c7nvd2E/","Dia cuma brand ambassador","2023-11-11T16:12:35.000Z"
"17986118861443078","0","https://instagram.fgru19-1.fna.fbcdn.net/v/t51.2885-19/400039862_355571610168259_3463682529849729493_n.jpg?stp=dst-jpg_s150x150&_nc_ht=instagram.fgru19-1.fna.fbcdn.net&_nc_cat=107&_nc_ohc=OB6z2cCHplUAX9KPhlA&edm=AP_V10EBAAAA&ccb=7-5&oh=00_AfBeNg0QXnpp4MlpyXV-g8Rv9nYeuin4mJmGVSrzL_EmFA&oe=656712E4&_nc_sid=2999b8","hayfaizzrs","https://www.instagram.com/p/CzH-c7nvd2E/","Widihhhh deket banget sama rumah kuuu","2023-11-12T15:04:03.000Z"
"18001088228485071","0","https://instagram.fgru19-1.fna.fbcdn.net/v/t51.2885-19/396505904_315217641253081_7171919670958504198_n.jpg?stp=dst-jpg_s150x150&_nc_ht=instagram.fgru19-1.fna.fbcdn.net&_nc_cat=101&_nc_ohc=UW0l5IUwG7MAX841WSL&edm=AP_V10EBAAAA&ccb=7-5&oh=00_AfDCqzA6vXf__YcdkrDfkOAJcnsrBp0LEhiITBvBwYFVAw&oe=65662055&_nc_sid=2999b8","masayufutia","https://www.instagram.com/p/CzH-c7nvd2E/","Sukses buat usahanya kak","2023-11-13T06:23:39.000Z"
"18020168617855109","0","https://instagram.fgru19-1.fna.fbcdn.net/v/t51.2885-19/348588655_1297548791117901_2112395775272191007_n.jpg?stp=dst-jpg_s150x150&_nc_ht=instagram.fgru19-1.fna.fbcdn.net&_nc_cat=109&_nc_ohc=Nmj29_8-CmAAX-dhfN-&edm=AP_V10EBAAAA&ccb=7-5&oh=00_AfAftc1SzYe3XrOzlsGtLNl6jxmNcaFe_GP7YhEUlHbIrQ&oe=656668EC&_nc_sid=2999b8","wildanmuhammad.20","https://www.instagram.com/p/CzH-c7nvd2E/","Kerennn abangg kuu🔥🔥🔥","2023-11-14T23:36:00.000Z"
"18010196162045949","0","https://instagram.fgru19-1.fna.fbcdn.net/v/t51.2885-19/403871319_729335202499609_7603029251941957745_n.jpg?stp=dst-jpg_s150x150&_nc_ht=instagram.fgru19-1.fna.fbcdn.net&_nc_cat=101&_nc_ohc=DeKvdVFPbLkAX9ZGjwd&edm=AP_V10EBAAAA&ccb=7-5&oh=00_AfAxjvWQxd3Uxog5r_0CmAoY08ijG7CC_5_q_yY6BEVAXg&oe=65673CA9&_nc_sid=2999b8","riskialfan10","https://www.instagram.com/p/CzH-c7nvd2E/","Bisa dijadiin motivasi dalam hiduo gue bg,  terima kasih bg😢😍🔥","2023-11-17T10:23:20.000Z"
"18025405303811132","1","https://scontent-atl3-2.cdninstagram.com/v/t51.2885-19/44884218_345707102882519_2446069589734326272_n.jpg?_nc_ht=scontent-atl3-2.cdninstagram.com&_nc_cat=1&_nc_ohc=aXevNjH73PQAX-gjKYL&edm=AAAAAAABAAAA&ccb=7-5&ig_cache_key=YW5vbnltb3VzX3Byb2ZpbGVfcGlj.2-ccb7-5&oh=00_AfCW0S52ldDChQIrfjSPJORPEYlHwHIiqwiq3La77QsMSg&oe=6567474F&_nc_sid=2c5659","aldy_zaenal171","https://www.instagram.com/p/CzH-c7nvd2E/","Salam dari depok juga bang tanboikun","2023-11-18T03:25:20.000Z"
"18027316210738446","0","https://scontent-atl3-2.cdninstagram.com/v/t51.2885-19/44884218_345707102882519_2446069589734326272_n.jpg?_nc_ht=scontent-atl3-2.cdninstagram.com&_nc_cat=1&_nc_ohc=aXevNjH73PQAX-gjKYL&edm=AAAAAAABAAAA&ccb=7-5&ig_cache_key=YW5vbnltb3VzX3Byb2ZpbGVfcGlj.2-ccb7-5&oh=00_AfCW0S52ldDChQIrfjSPJORPEYlHwHIiqwiq3La77QsMSg&oe=6567474F&_nc_sid=2c5659","f.e.r.d.i13","https://www.instagram.com/p/CzH-c7nvd2E/","Bgg di bekso bara udah ada tukang parkir nya blom","2023-11-22T03:04:02.000Z"
"18287698480198312","0","https://scontent-atl3-2.cdninstagram.com/v/t51.2885-19/44884218_345707102882519_2446069589734326272_n.jpg?_nc_ht=scontent-atl3-2.cdninstagram.com&_nc_cat=1&_nc_ohc=aXevNjH73PQAX-gjKYL&edm=AAAAAAABAAAA&ccb=7-5&ig_cache_key=YW5vbnltb3VzX3Byb2ZpbGVfcGlj.2-ccb7-5&oh=00_AfCW0S52ldDChQIrfjSPJORPEYlHwHIiqwiq3La77QsMSg&oe=6567474F&_nc_sid=2c5659","muhamm4d37","https://www.instagram.com/p/CzH-c7nvd2E/","Perjuangan yang sangat luar biasa 👏","2023-11-22T08:56:07.000Z"
"17985228458320989","0","https://instagram.fgru19-1.fna.fbcdn.net/v/t51.2885-19/334338994_1226294684686476_6042586593327007689_n.jpg?stp=dst-jpg_s150x150&_nc_ht=instagram.fgru19-1.fna.fbcdn.net&_nc_cat=100&_nc_ohc=aGexLKigptsAX9Nkufq&edm=AP_V10EBAAAA&ccb=7-5&oh=00_AfDeGQdVoG7_Mbxk2fLqRfDygjSoaSqynMPK5y-sEtgHyw&oe=6566CFAA&_nc_sid=2999b8","tonti858","https://www.instagram.com/p/CzH-c7nvd2E/","free palestina🇵🇸🇵🇸🇵🇸","2023-11-22T17:58:17.000Z"
"18396840325047078","0","https://instagram.fgru19-1.fna.fbcdn.net/v/t51.2885-19/340160386_186815084138259_2835278584631225754_n.jpg?stp=dst-jpg_s150x150&_nc_ht=instagram.fgru19-1.fna.fbcdn.net&_nc_cat=103&_nc_ohc=m6DxxJ1HgQUAX--MeF-&edm=AP_V10EBAAAA&ccb=7-5&oh=00_AfBUtsfXMijj6_23iV1z54shnnLX4ah423lk5N6vj0Yy-w&oe=656675E8&_nc_sid=2999b8","mutevil967","https://www.instagram.com/p/CzH-c7nvd2E/","Bang Depoknya dimana ?","2023-11-23T22:39:30.000Z"
